date,team_1,team_2,location,rank,elo,win_pct,scrape_date
Tue Oct 8,Brunei,East Timor,Southeast Asian Champ qual in Brunei,219 225,692 646,70% 30%,2024-10-05
Wed Oct 9,Namibia,Zimbabwe,African Nations Cup qualifier in South Africa,121 129,1353 1336,52% 48%,2024-10-05
Wed Oct 9,Vietnam,India,Friendly tournament in Vietnam,150 163,1253 1169,74% 26%,2024-10-05
Wed Oct 9,Bahamas,US Virgin Islands,CONCACAF Nations League C in Barbados,210 233,792 608,74% 26%,2024-10-05
Wed Oct 9,Belize,Anguilla,CONCACAF Nations League C in Belize,181 225,1055 646,95% 5%,2024-10-05
Wed Oct 9,Saint Kitts and Nevis,British Virgin Islands,CONCACAF Nations League C in Saint Kitts and Nevis,173 227,1107 640,96% 4%,2024-10-05
Thu Oct 10,Fiji,Solomon Islands,World Cup qualifier in Fiji,160 161,1203 1190,66% 34%,2024-10-05
Thu Oct 10,New Caledonia,Papua New Guinea,World Cup qualifier in Fiji,155 178,1234 1079,71% 29%,2024-10-05
Thu Oct 10,Australia,China,World Cup qualifier in Australia,38 111,1723 1377,93% 7%,2024-10-05
Thu Oct 10,Bahrain,Indonesia,World Cup qualifier in Bahrain,87 118,1475 1359,78% 22%,2024-10-05
Thu Oct 10,Iraq,Palestine,World Cup qualifier in Iraq,53 103,1658 1408,88% 12%,2024-10-05
Thu Oct 10,Jordan,South Korea,World Cup qualifier in Jordan,57 35,1629 1743,48% 52%,2024-10-05
Thu Oct 10,Oman,Kuwait,World Cup qualifier in Oman,85 115,1499 1361,80% 20%,2024-10-05
Thu Oct 10,Qatar,Kyrgyzstan,World Cup qualifier in Qatar,67 145,1574 1272,91% 9%,2024-10-05
Thu Oct 10,Saudi Arabia,Japan,World Cup qualifier in Saudi Arabia,62 14,1588 1873,26% 74%,2024-10-05
Thu Oct 10,United Arab Emirates,North Korea,World Cup qualifier in the United Arab Emirates,74 104,1537 1406,79% 21%,2024-10-05
Thu Oct 10,Uzbekistan,Iran,World Cup qualifier in Uzbekistan,47 19,1690 1819,46% 54%,2024-10-05
Thu Oct 10,Algeria,Togo,African Nations Cup qualifier in Algeria,50 113,1671 1372,91% 9%,2024-10-05
Thu Oct 10,Burkina Faso,Burundi,African Nations Cup qualifier in Ivory Coast,79 136,1514 1315,76% 24%,2024-10-05
Thu Oct 10,Cape Verde,Botswana,African Nations Cup qualifier in Cape Verde,71 142,1554 1287,89% 11%,2024-10-05
Thu Oct 10,DR Congo,Tanzania,African Nations Cup qualifier in the Dem Rep of the Congo,66 107,1578 1395,84% 16%,2024-10-05
Thu Oct 10,Israel,France,European Nations League A in Israel,70 4,1557 2015,11% 89%,2024-10-05
Thu Oct 10,Italy,Belgium,European Nations League A in Italy,11 12,1943 1923,67% 33%,2024-10-05
Thu Oct 10,Austria,Kazakhstan,European Nations League B in Austria,18 92,1853 1457,95% 5%,2024-10-05
Thu Oct 10,England,Greece,European Nations League B in England,6 24,1996 1781,86% 14%,2024-10-05
Thu Oct 10,Finland,Ireland,European Nations League B in Finland,58 64,1607 1582,67% 33%,2024-10-05
Thu Oct 10,Norway,Slovenia,European Nations League B in Norway,34 26,1746 1777,60% 40%,2024-10-05
Thu Oct 10,Faroe Islands,Armenia,European Nations League C in the Faroe Islands,152 91,1244 1459,34% 66%,2024-10-05
Thu Oct 10,Latvia,North Macedonia,European Nations League C in Latvia,135 71,1319 1554,31% 69%,2024-10-05
Thu Oct 10,Gibraltar,San Marino,European Nations League D in Gibraltar,180 209,1056 798,89% 11%,2024-10-05
Thu Oct 10,Moldova,Andorra,European Nations League D in Moldova,114 177,1365 1083,90% 10%,2024-10-05
Thu Oct 10,Liechtenstein,Hong Kong,Friendly in Liechtenstein,190 171,954 1114,41% 59%,2024-10-05
Thu Oct 10,Malta,Turkmenistan,Friendly in Malta,149 159,1260 1204,71% 29%,2024-10-05
Thu Oct 10,Myanmar,Sri Lanka,Friendly in Myanmar,196 217,914 703,86% 14%,2024-10-05
Thu Oct 10,Bolivia,Colombia,World Cup qualifier in Bolivia,55 3,1637 2061,13% 87%,2024-10-05
Thu Oct 10,Chile,Brazil,World Cup qualifier in Chile,48 5,1689 1997,23% 77%,2024-10-05
Thu Oct 10,Ecuador,Paraguay,World Cup qualifier in Ecuador,15 42,1871 1710,82% 18%,2024-10-05
Thu Oct 10,Peru,Uruguay,World Cup qualifier in Peru,40 10,1714 1956,31% 69%,2024-10-05
Thu Oct 10,Venezuela,Argentina,World Cup qualifier in Venezuela,27 2,1771 2149,17% 83%,2024-10-05
Thu Oct 10,Cuba,Trinidad and Tobago,CONCACAF Nations League A in Cuba,138 109,1308 1383,54% 46%,2024-10-05
Thu Oct 10,French Guiana,Honduras,CONCACAF Nations League A in French Guiana,144 81,1277 1506,32% 68%,2024-10-05
Thu Oct 10,Nicaragua,Jamaica,CONCACAF Nations League A in Nicaragua,112 59,1373 1595,33% 67%,2024-10-05
Thu Oct 10,Bonaire,Montserrat,CONCACAF Nations League B in St Vincent & Grenadines,205 188,833 983,30% 70%,2024-10-05
Thu Oct 10,St Vincent & Grenadines,El Salvador,CONCACAF Nations League B in St Vincent & Grenadines,176 102,1088 1411,22% 78%,2024-10-05
Fri Oct 11,New Zealand,Tahiti,World Cup qualifier in Vanuatu,69 162,1570 1188,90% 10%,2024-10-05
Fri Oct 11,Angola,Niger,African Nations Cup qualifier in Angola,63 153,1585 1243,93% 7%,2024-10-05
Fri Oct 11,Benin,Rwanda,African Nations Cup qualifier in Ivory Coast,101 119,1413 1357,58% 42%,2024-10-05
Fri Oct 11,Cameroon,Kenya,African Nations Cup qualifier in Cameroon,65 99,1580 1437,80% 20%,2024-10-05
Fri Oct 11,Egypt,Mauritania,African Nations Cup qualifier in Egypt,51 123,1669 1349,92% 8%,2024-10-05
Fri Oct 11,Equatorial Guinea,Liberia,African Nations Cup qualifier in Equatorial Guinea,75 146,1526 1267,89% 11%,2024-10-05
Fri Oct 11,Ethiopia,Guinea,African Nations Cup qualifier in Ivory Coast,142 94,1287 1448,28% 72%,2024-10-05
Fri Oct 11,Gabon,Lesotho,African Nations Cup qualifier in Gabon,94 158,1448 1207,88% 12%,2024-10-05
Fri Oct 11,Gambia,Madagascar,African Nations Cup qualifier in Morocco,124 132,1346 1328,53% 47%,2024-10-05
Fri Oct 11,Ghana,Sudan,African Nations Cup qualifier in Ghana,83 106,1502 1399,76% 24%,2024-10-05
Fri Oct 11,Ivory Coast,Sierra Leone,African Nations Cup qualifier in Ivory Coast,56 140,1635 1303,92% 8%,2024-10-05
Fri Oct 11,Mali,Guinea-Bissau,African Nations Cup qualifier in Mali,60 116,1594 1360,87% 13%,2024-10-05
Fri Oct 11,Mozambique,Eswatini,African Nations Cup qualifier in Mozambique,96 156,1443 1219,87% 13%,2024-10-05
Fri Oct 11,Nigeria,Libya,African Nations Cup qualifier in Nigeria,61 110,1592 1379,86% 14%,2024-10-05
Fri Oct 11,Senegal,Malawi,African Nations Cup qualifier in Senegal,31 147,1754 1265,97% 3%,2024-10-05
Fri Oct 11,South Africa,Congo,African Nations Cup qualifier in South Africa,71 147,1554 1265,90% 10%,2024-10-05
Fri Oct 11,Tunisia,Comoros,African Nations Cup qualifier in Tunisia,49 126,1681 1343,93% 7%,2024-10-05
Fri Oct 11,Uganda,South Sudan,African Nations Cup qualifier in Uganda,108 170,1393 1116,90% 10%,2024-10-05
Fri Oct 11,Zambia,Chad,African Nations Cup qualifier in Zambia,116 164,1360 1162,85% 15%,2024-10-05
Fri Oct 11,Bosnia and Herzegovina,Germany,European Nations League A in Bosnia and Herzegovina,86 9,1491 1957,11% 89%,2024-10-05
Fri Oct 11,Hungary,Netherlands,European Nations League A in Hungary,29 8,1767 1960,37% 63%,2024-10-05
Fri Oct 11,Czechia,Albania,European Nations League B in Czechia,38 54,1723 1638,74% 26%,2024-10-05
Fri Oct 11,Iceland,Wales,European Nations League B in Iceland,67 46,1574 1701,46% 54%,2024-10-05
Fri Oct 11,Turkey,Montenegro,European Nations League B in Turkey,20 78,1812 1516,91% 9%,2024-10-05
Fri Oct 11,Ukraine,Georgia,European Nations League B in Ukraine,29 31,1767 1754,66% 34%,2024-10-05
Fri Oct 11,Estonia,Azerbaijan,European Nations League C in Estonia,119 90,1357 1461,49% 51%,2024-10-05
Fri Oct 11,Slovakia,Sweden,European Nations League C in Slovakia,45 44,1702 1703,64% 36%,2024-10-05
Fri Oct 11,Syria,Tajikistan,King's Cup in Thailand,97 122,1438 1350,62% 38%,2024-10-05
Fri Oct 11,Thailand,Philippines,King's Cup in Thailand,97 183,1438 1041,95% 5%,2024-10-05
Fri Oct 11,Cambodia,Taiwan,Friendly in Cambodia,206 199,827 899,54% 46%,2024-10-05
Fri Oct 11,Guadeloupe,Martinique,CONCACAF Nations League A in Guadeloupe,127 104,1338 1406,55% 45%,2024-10-05
Fri Oct 11,Guyana,Guatemala,CONCACAF Nations League A in Guyana,151 82,1252 1504,29% 71%,2024-10-05
Fri Oct 11,Suriname,Costa Rica,CONCACAF Nations League A in Suriname,127 52,1338 1662,22% 78%,2024-10-05
Fri Oct 11,Aruba,Haiti,CONCACAF Nations League B in Aruba,194 77,944 1517,6% 94%,2024-10-05
Fri Oct 11,Curaçao,Grenada,CONCACAF Nations League B in Saint Lucia,131 179,1329 1071,82% 18%,2024-10-05
Fri Oct 11,Puerto Rico,Sint Maarten,CONCACAF Nations League B in Aruba,166 202,1142 894,81% 19%,2024-10-05
Fri Oct 11,Saint Lucia,Saint Martin,CONCACAF Nations League B in Saint Lucia,167 195,1141 917,87% 13%,2024-10-05
Sat Oct 12,Vanuatu,Samoa,World Cup qualifier in Vanuatu,175 215,1092 740,93% 7%,2024-10-05
Sat Oct 12,Morocco,Central African Republic,African Nations Cup qualifier in Morocco,25 130,1780 1334,96% 4%,2024-10-05
Sat Oct 12,Croatia,Scotland,European Nations League A in Croatia,13 43,1912 1705,85% 15%,2024-10-05
Sat Oct 12,Poland,Portugal,European Nations League A in Poland,33 7,1748 1975,32% 68%,2024-10-05
Sat Oct 12,Serbia,Switzerland,European Nations League A in Serbia,23 17,1784 1855,54% 46%,2024-10-05
Sat Oct 12,Spain,Denmark,European Nations League A in Spain,1 16,2157 1863,91% 9%,2024-10-05
Sat Oct 12,Belarus,Northern Ireland,European Nations League C in Belarus,88 76,1464 1521,56% 44%,2024-10-05
Sat Oct 12,Bulgaria,Luxembourg,European Nations League C in Bulgaria,83 89,1502 1462,69% 31%,2024-10-05
Sat Oct 12,Cyprus,Romania,European Nations League C in Cyprus,137 41,1309 1713,15% 85%,2024-10-05
Sat Oct 12,Lithuania,Kosovo,European Nations League C in Lithuania,134 80,1324 1511,38% 62%,2024-10-05
Sat Oct 12,India,Lebanon,Friendly tournament in Vietnam,163 139,1169 1304,31% 69%,2024-10-05
Sat Oct 12,United States,Panama,Friendly in the United States,37 36,1727 1731,63% 37%,2024-10-05
Sat Oct 12,Antigua and Barbuda,Dominican Republic,CONCACAF Nations League B in Bermuda,191 154,946 1238,16% 84%,2024-10-05
Sat Oct 12,Bermuda,Dominica,CONCACAF Nations League B in Bermuda,168 185,1128 1018,77% 23%,2024-10-05
Sat Oct 12,Anguilla,Turks and Caicos Islands,CONCACAF Nations League C in Belize,225 228,646 633,52% 48%,2024-10-05
Sat Oct 12,Barbados,US Virgin Islands,CONCACAF Nations League C in Barbados,189 233,958 608,93% 7%,2024-10-05
Sat Oct 12,British Virgin Islands,Cayman Islands,CONCACAF Nations League C in Saint Kitts and Nevis,227 208,640 811,27% 73%,2024-10-05
Sun Oct 13,Burundi,Burkina Faso,African Nations Cup qualifier in Ivory Coast,136 79,1315 1514,24% 76%,2024-10-05
Sun Oct 13,Austria,Norway,European Nations League B in Austria,18 34,1853 1746,77% 23%,2024-10-05
Sun Oct 13,Finland,England,European Nations League B in Finland,58 6,1607 1996,16% 84%,2024-10-05
Sun Oct 13,Greece,Ireland,European Nations League B in Greece,24 64,1781 1582,85% 15%,2024-10-05
Sun Oct 13,Kazakhstan,Slovenia,European Nations League B in Kazakhstan,92 26,1457 1777,22% 78%,2024-10-05
Sun Oct 13,Armenia,North Macedonia,European Nations League C in Armenia,91 71,1459 1554,51% 49%,2024-10-05
Sun Oct 13,Faroe Islands,Latvia,European Nations League C in the Faroe Islands,152 135,1244 1319,54% 46%,2024-10-05
Sun Oct 13,Liechtenstein,Gibraltar,European Nations League D in Liechtenstein,190 180,954 1056,50% 50%,2024-10-05
Sun Oct 13,Malta,Moldova,European Nations League D in Malta,149 114,1260 1365,49% 51%,2024-10-05
Sun Oct 13,Andorra,San Marino,Friendly in Andorra,177 209,1083 798,90% 10%,2024-10-05
Sun Oct 13,Myanmar,Sri Lanka,Friendly in Myanmar,196 217,914 703,86% 14%,2024-10-05
Sun Oct 13,Bonaire,Montserrat,CONCACAF Nations League B in St Vincent & Grenadines,205 188,833 983,30% 70%,2024-10-05
Sun Oct 13,St Vincent & Grenadines,El Salvador,CONCACAF Nations League B in St Vincent & Grenadines,176 102,1088 1411,22% 78%,2024-10-05
Mon Oct 14,Eswatini,Mozambique,African Nations Cup qualifier in South Africa,156 96,1219 1443,22% 78%,2024-10-05
Mon Oct 14,Ethiopia,Guinea,African Nations Cup qualifier in Ivory Coast,142 94,1287 1448,28% 72%,2024-10-05
Mon Oct 14,Gambia,Madagascar,African Nations Cup qualifier in Morocco,124 132,1346 1328,53% 47%,2024-10-05
Mon Oct 14,Ghana,Sudan,African Nations Cup qualifier in Libya,83 106,1502 1399,64% 36%,2024-10-05
Mon Oct 14,Guinea-Bissau,Mali,African Nations Cup qualifier in Guinea-Bissau,116 60,1360 1594,32% 68%,2024-10-05
Mon Oct 14,Kenya,Cameroon,African Nations Cup qualifier in Kenya,99 65,1437 1580,44% 56%,2024-10-05
Mon Oct 14,Liberia,Equatorial Guinea,African Nations Cup qualifier in Liberia,146 75,1267 1526,29% 71%,2024-10-05
Mon Oct 14,Namibia,Zimbabwe,African Nations Cup qualifier in South Africa,121 129,1353 1336,52% 48%,2024-10-05
Mon Oct 14,Togo,Algeria,African Nations Cup qualifier in Togo,113 50,1372 1671,24% 76%,2024-10-05
Mon Oct 14,Belgium,France,European Nations League A in Belgium,12 4,1923 2015,51% 49%,2024-10-05
Mon Oct 14,Bosnia and Herzegovina,Hungary,European Nations League A in Bosnia and Herzegovina,86 29,1491 1767,27% 73%,2024-10-05
Mon Oct 14,Germany,Netherlands,European Nations League A in Germany,9 8,1957 1960,64% 36%,2024-10-05
Mon Oct 14,Italy,Israel,European Nations League A in Italy,11 70,1943 1557,94% 6%,2024-10-05
Mon Oct 14,Georgia,Albania,European Nations League B in Georgia,31 54,1754 1638,78% 22%,2024-10-05
Mon Oct 14,Iceland,Turkey,European Nations League B in Iceland,67 20,1574 1812,31% 69%,2024-10-05
Mon Oct 14,Ukraine,Czechia,European Nations League B in Ukraine,29 38,1767 1723,70% 30%,2024-10-05
Mon Oct 14,Wales,Montenegro,European Nations League B in Wales,46 78,1701 1516,84% 16%,2024-10-05
Mon Oct 14,Azerbaijan,Slovakia,European Nations League C in Azerbaijan,90 45,1461 1702,31% 69%,2024-10-05
Mon Oct 14,Estonia,Sweden,European Nations League C in Estonia,119 44,1357 1703,20% 80%,2024-10-05
Mon Oct 14,New Zealand,Malaysia,Friendly in New Zealand,69 141,1570 1290,90% 10%,2024-10-05
Mon Oct 14,Jamaica,Honduras,CONCACAF Nations League A in Jamaica,59 81,1595 1506,75% 25%,2024-10-05
Mon Oct 14,Nicaragua,French Guiana,CONCACAF Nations League A in Nicaragua,112 144,1373 1277,76% 24%,2024-10-05
Mon Oct 14,Trinidad and Tobago,Cuba,CONCACAF Nations League A in Trinidad and Tobago,109 138,1383 1308,73% 27%,2024-10-05
Mon Oct 14,Aruba,Haiti,CONCACAF Nations League B in Aruba,194 77,944 1517,6% 94%,2024-10-05
Mon Oct 14,Curaçao,Grenada,CONCACAF Nations League B in Saint Lucia,131 179,1329 1071,82% 18%,2024-10-05
Mon Oct 14,Puerto Rico,Sint Maarten,CONCACAF Nations League B in Aruba,166 202,1142 894,81% 19%,2024-10-05
Mon Oct 14,Saint Lucia,Saint Martin,CONCACAF Nations League B in Saint Lucia,167 195,1141 917,87% 13%,2024-10-05
Tue Oct 15,China,Indonesia,World Cup qualifier in China,111 118,1377 1359,66% 34%,2024-10-05
Tue Oct 15,Iran,Qatar,World Cup qualifier in Iran,19 67,1819 1574,88% 12%,2024-10-05
Tue Oct 15,Japan,Australia,World Cup qualifier in Japan,14 38,1873 1723,81% 19%,2024-10-05
Tue Oct 15,Jordan,Oman,World Cup qualifier in Jordan,57 85,1629 1499,79% 21%,2024-10-05
Tue Oct 15,Kyrgyzstan,North Korea,World Cup qualifier in Kyrgyzstan,145 104,1272 1406,45% 55%,2024-10-05
Tue Oct 15,Palestine,Kuwait,World Cup qualifier in Palestine,103 115,1408 1361,70% 30%,2024-10-05
Tue Oct 15,Saudi Arabia,Bahrain,World Cup qualifier in Saudi Arabia,62 87,1588 1475,77% 23%,2024-10-05
Tue Oct 15,South Korea,Iraq,World Cup qualifier in South Korea,35 53,1743 1658,74% 26%,2024-10-05
Tue Oct 15,Uzbekistan,United Arab Emirates,World Cup qualifier in Uzbekistan,47 74,1690 1537,81% 19%,2024-10-05
Tue Oct 15,Brunei,East Timor,Southeast Asian Champ qual in Thailand,219 225,692 646,57% 43%,2024-10-05
Tue Oct 15,Angola,Niger,African Nations Cup qualifier in Morocco,63 153,1585 1243,88% 12%,2024-10-05
Tue Oct 15,Botswana,Cape Verde,African Nations Cup qualifier in Botswana,142 71,1287 1554,28% 72%,2024-10-05
Tue Oct 15,Chad,Zambia,African Nations Cup qualifier in Cameroon,164 116,1162 1360,24% 76%,2024-10-05
Tue Oct 15,Comoros,Tunisia,African Nations Cup qualifier in Ivory Coast,126 49,1343 1681,13% 87%,2024-10-05
Tue Oct 15,Congo,South Africa,African Nations Cup qualifier in Congo,147 71,1265 1554,25% 75%,2024-10-05
Tue Oct 15,Ivory Coast,Sierra Leone,African Nations Cup qualifier in Liberia,56 140,1635 1303,87% 13%,2024-10-05
Tue Oct 15,Lesotho,Gabon,African Nations Cup qualifier in South Africa,158 94,1207 1448,20% 80%,2024-10-05
Tue Oct 15,Libya,Nigeria,African Nations Cup qualifier in Libya,110 61,1379 1592,34% 66%,2024-10-05
Tue Oct 15,Malawi,Senegal,African Nations Cup qualifier in Malawi,147 31,1265 1754,10% 90%,2024-10-05
Tue Oct 15,Mauritania,Egypt,African Nations Cup qualifier in Mauritania,123 51,1349 1669,22% 78%,2024-10-05
Tue Oct 15,Morocco,Central African Republic,African Nations Cup qualifier in Morocco,25 130,1780 1334,96% 4%,2024-10-05
Tue Oct 15,Rwanda,Benin,African Nations Cup qualifier in Rwanda,119 101,1357 1413,56% 44%,2024-10-05
Tue Oct 15,South Sudan,Uganda,African Nations Cup qualifier in South Sudan,170 108,1116 1393,27% 73%,2024-10-05
Tue Oct 15,Tanzania,DR Congo,African Nations Cup qualifier in Tanzania,107 66,1395 1578,38% 62%,2024-10-05
Tue Oct 15,Poland,Croatia,European Nations League A in Poland,33 13,1748 1912,41% 59%,2024-10-05
Tue Oct 15,Scotland,Portugal,European Nations League A in Scotland,43 7,1705 1975,27% 73%,2024-10-05
Tue Oct 15,Spain,Serbia,European Nations League A in Spain,1 23,2157 1784,94% 6%,2024-10-05
Tue Oct 15,Switzerland,Denmark,European Nations League A in Switzerland,17 16,1855 1863,63% 37%,2024-10-05
Tue Oct 15,Belarus,Luxembourg,European Nations League C in Belarus,88 89,1464 1462,64% 36%,2024-10-05
Tue Oct 15,Kosovo,Cyprus,European Nations League C in Kosovo,80 137,1511 1309,85% 15%,2024-10-05
Tue Oct 15,Lithuania,Romania,European Nations League C in Lithuania,134 41,1324 1713,16% 84%,2024-10-05
Tue Oct 15,Northern Ireland,Bulgaria,European Nations League C in Northern Ireland,76 83,1521 1502,66% 34%,2024-10-05
Tue Oct 15,Canada,Panama,Friendly in Canada,28 36,1770 1731,69% 31%,2024-10-05
Tue Oct 15,Hong Kong,Cambodia,Friendly in Hong Kong,171 206,1114 827,90% 10%,2024-10-05
Tue Oct 15,Mexico,United States,Friendly in Mexico,21 37,1792 1727,72% 28%,2024-10-05
Tue Oct 15,Vietnam,Lebanon,Friendly tournament in Vietnam,150 139,1253 1304,57% 43%,2024-10-05
Tue Oct 15,Argentina,Bolivia,World Cup qualifier in Argentina,2 55,2149 1637,97% 3%,2024-10-05
Tue Oct 15,Brazil,Peru,World Cup qualifier in Brazil,5 40,1997 1714,90% 10%,2024-10-05
Tue Oct 15,Colombia,Chile,World Cup qualifier in Colombia,3 48,2061 1689,94% 6%,2024-10-05
Tue Oct 15,Paraguay,Venezuela,World Cup qualifier in Paraguay,42 27,1710 1771,56% 44%,2024-10-05
Tue Oct 15,Uruguay,Ecuador,World Cup qualifier in Uruguay,10 15,1956 1871,74% 26%,2024-10-05
Tue Oct 15,Costa Rica,Guatemala,CONCACAF Nations League A in Costa Rica,52 82,1662 1504,82% 18%,2024-10-05
Tue Oct 15,Martinique,Guadeloupe,CONCACAF Nations League A in Martinique,104 127,1406 1338,72% 28%,2024-10-05
Tue Oct 15,Suriname,Guyana,CONCACAF Nations League A in Suriname,127 151,1338 1252,74% 26%,2024-10-05
Tue Oct 15,Bermuda,Dominica,CONCACAF Nations League B in Bermuda,168 185,1128 1018,77% 23%,2024-10-05
Tue Oct 15,Antigua and Barbuda,Dominican Republic,CONCACAF Nations League B in Bermuda,191 154,946 1238,16% 84%,2024-10-05
Tue Oct 15,Barbados,Bahamas,CONCACAF Nations League C in Barbados,189 210,958 792,82% 18%,2024-10-05
Tue Oct 15,Belize,Turks and Caicos Islands,CONCACAF Nations League C in Belize,181 228,1055 633,95% 5%,2024-10-05
Tue Oct 15,Saint Kitts and Nevis,Cayman Islands,CONCACAF Nations League C in Saint Kitts and Nevis,173 208,1107 811,91% 9%,2024-10-05
Thu Nov 14,Papua New Guinea,Fiji,World Cup qualifier in Papua New Guinea,178 160,1079 1203,47% 53%,2024-10-05
Thu Nov 14,New Caledonia,Solomon Islands,World Cup qualifier in Papua New Guinea,155 161,1234 1190,56% 44%,2024-10-05
Thu Nov 14,Australia,Saudi Arabia,World Cup qualifier in Australia,38 62,1723 1588,79% 21%,2024-10-05
Thu Nov 14,Bahrain,China,World Cup qualifier in Bahrain,87 111,1475 1377,76% 24%,2024-10-05
Thu Nov 14,Indonesia,Japan,World Cup qualifier in Indonesia,118 14,1359 1873,8% 92%,2024-10-05
Thu Nov 14,Iraq,Jordan,World Cup qualifier in Iraq,53 57,1658 1629,68% 32%,2024-10-05
Thu Nov 14,Kuwait,South Korea,World Cup qualifier in Kuwait,115 35,1361 1743,16% 84%,2024-10-05
Thu Nov 14,North Korea,Iran,World Cup qualifier in North Korea,104 19,1406 1819,14% 86%,2024-10-05
Thu Nov 14,Oman,Palestine,World Cup qualifier in Oman,85 103,1499 1408,75% 25%,2024-10-05
Thu Nov 14,Qatar,Uzbekistan,World Cup qualifier in Qatar,67 47,1574 1690,48% 52%,2024-10-05
Thu Nov 14,United Arab Emirates,Kyrgyzstan,World Cup qualifier in the United Arab Emirates,74 145,1537 1272,89% 11%,2024-10-05
Thu Nov 14,Belgium,Italy,European Nations League A in Belgium,12 11,1923 1943,61% 39%,2024-10-05
Thu Nov 14,France,Israel,European Nations League A in France,4 70,2015 1557,96% 4%,2024-10-05
Thu Nov 14,Greece,England,European Nations League B in Greece,24 6,1781 1996,34% 66%,2024-10-05
Thu Nov 14,Ireland,Finland,European Nations League B in Ireland,64 58,1582 1607,61% 39%,2024-10-05
Thu Nov 14,Kazakhstan,Austria,European Nations League B in Kazakhstan,92 18,1457 1853,15% 85%,2024-10-05
Thu Nov 14,Slovenia,Norway,European Nations League B in Slovenia,26 34,1777 1746,68% 32%,2024-10-05
Thu Nov 14,Armenia,Faroe Islands,European Nations League C in Armenia,91 152,1459 1244,86% 14%,2024-10-05
Thu Nov 14,North Macedonia,Latvia,European Nations League C in North Macedonia,71 135,1554 1319,87% 13%,2024-10-05
Thu Nov 14,Hong Kong,Philippines,Friendly in Hong Kong,171 183,1114 1041,73% 27%,2024-10-05
Thu Nov 14,Malta,Liechtenstein,Friendly in Malta,149 190,1260 954,91% 9%,2024-10-05
Thu Nov 14,Thailand,Lebanon,Friendly in Thailand,97 139,1438 1304,79% 21%,2024-10-05
Thu Nov 14,Ecuador,Bolivia,World Cup qualifier in Ecuador,15 55,1871 1637,87% 13%,2024-10-05
Thu Nov 14,Paraguay,Argentina,World Cup qualifier in Paraguay,42 2,1710 2149,12% 88%,2024-10-05
Thu Nov 14,Peru,Chile,World Cup qualifier in Peru,40 48,1714 1689,67% 33%,2024-10-05
Thu Nov 14,Uruguay,Colombia,World Cup qualifier in Uruguay,10 3,1956 2061,49% 51%,2024-10-05
Thu Nov 14,Venezuela,Brazil,World Cup qualifier in Venezuela,27 5,1771 1997,33% 67%,2024-10-05
Thu Nov 14,El Salvador,Bonaire,CONCACAF Nations League B in El Salvador,102 205,1411 833,98% 2%,2024-10-05
Thu Nov 14,Montserrat,St Vincent & Grenadines,CONCACAF Nations League B in El Salvador,188 176,983 1088,35% 65%,2024-10-05
Fri Nov 15,New Zealand,Vanuatu,World Cup qualifier in New Zealand,69 175,1570 1092,97% 3%,2024-10-05
Fri Nov 15,Samoa,Tahiti,World Cup qualifier in New Zealand,215 162,740 1188,7% 93%,2024-10-05
Fri Nov 15,Denmark,Spain,European Nations League A in Denmark,16 1,1863 2157,25% 75%,2024-10-05
Fri Nov 15,Portugal,Poland,European Nations League A in Portugal,7 33,1975 1748,87% 13%,2024-10-05
Fri Nov 15,Scotland,Croatia,European Nations League A in Scotland,43 13,1705 1912,35% 65%,2024-10-05
Fri Nov 15,Switzerland,Serbia,European Nations League A in Switzerland,17 23,1855 1784,73% 27%,2024-10-05
Fri Nov 15,Cyprus,Lithuania,European Nations League C in Cyprus,137 134,1309 1324,62% 38%,2024-10-05
Fri Nov 15,Luxembourg,Bulgaria,European Nations League C in Luxembourg,89 83,1462 1502,59% 41%,2024-10-05
Fri Nov 15,Northern Ireland,Belarus,European Nations League C in Northern Ireland,76 88,1521 1464,71% 29%,2024-10-05
Fri Nov 15,Romania,Kosovo,European Nations League C in Romania,41 80,1713 1511,85% 15%,2024-10-05
Fri Nov 15,San Marino,Gibraltar,European Nations League D in San Marino,209 180,798 1056,29% 71%,2024-10-05
Fri Nov 15,Singapore,Myanmar,Friendly in Singapore,172 196,1109 914,85% 15%,2024-10-05
Fri Nov 15,Aruba,Puerto Rico,CONCACAF Nations League B in Haiti,194 166,944 1142,24% 76%,2024-10-05
Fri Nov 15,Curaçao,Saint Martin,CONCACAF Nations League B in Curaçao,131 195,1329 917,95% 5%,2024-10-05
Fri Nov 15,Grenada,Saint Lucia,CONCACAF Nations League B in Curaçao,179 167,1071 1141,40% 60%,2024-10-05
Fri Nov 15,Haiti,Sint Maarten,CONCACAF Nations League B in Haiti,77 202,1517 894,98.5% 1.5%,2024-10-05
Sat Nov 16,Germany,Bosnia and Herzegovina,European Nations League A in Germany,9 86,1957 1491,96% 4%,2024-10-05
Sat Nov 16,Netherlands,Hungary,European Nations League A in the Netherlands,8 29,1960 1767,84% 16%,2024-10-05
Sat Nov 16,Albania,Czechia,European Nations League B in Albania,54 38,1638 1723,52% 48%,2024-10-05
Sat Nov 16,Georgia,Ukraine,European Nations League B in Georgia,31 29,1754 1767,62% 38%,2024-10-05
Sat Nov 16,Montenegro,Iceland,European Nations League B in Montenegro,78 67,1516 1574,56% 44%,2024-10-05
Sat Nov 16,Turkey,Wales,European Nations League B in Turkey,20 46,1812 1701,77% 23%,2024-10-05
Sat Nov 16,Azerbaijan,Estonia,European Nations League C in Azerbaijan,90 119,1461 1357,76% 24%,2024-10-05
Sat Nov 16,Sweden,Slovakia,European Nations League C in Sweden,44 45,1703 1702,64% 36%,2024-10-05
Sat Nov 16,Andorra,Moldova,European Nations League D in Andorra,177 114,1083 1365,26% 74%,2024-10-05
Sat Nov 16,Antigua and Barbuda,Bermuda,CONCACAF Nations League B in the Dominican Republic,191 168,946 1128,26% 74%,2024-10-05
Sat Nov 16,Dominican Republic,Dominica,CONCACAF Nations League B in the Dominican Republic,154 185,1238 1018,86% 14%,2024-10-05
Sun Nov 17,Fiji,New Caledonia,World Cup qualifier in Papua New Guinea,160 155,1203 1234,46% 54%,2024-10-05
Sun Nov 17,Papua New Guinea,Solomon Islands,World Cup qualifier in Papua New Guinea,178 161,1079 1190,48% 52%,2024-10-05
Sun Nov 17,Israel,Belgium,European Nations League A in Israel,70 12,1557 1923,18% 82%,2024-10-05
Sun Nov 17,Italy,France,European Nations League A in Italy,11 4,1943 2015,54% 46%,2024-10-05
Sun Nov 17,Austria,Slovenia,European Nations League B in Austria,18 26,1853 1777,73% 27%,2024-10-05
Sun Nov 17,England,Ireland,European Nations League B in England,6 64,1996 1582,95% 5%,2024-10-05
Sun Nov 17,Finland,Greece,European Nations League B in Finland,58 24,1607 1781,40% 60%,2024-10-05
Sun Nov 17,Norway,Kazakhstan,European Nations League B in Norway,34 92,1746 1457,90% 10%,2024-10-05
Sun Nov 17,Latvia,Armenia,European Nations League C in Latvia,135 91,1319 1459,44% 56%,2024-10-05
Sun Nov 17,North Macedonia,Faroe Islands,European Nations League C in North Macedonia,71 152,1554 1244,91% 9%,2024-10-05
Sun Nov 17,Bonaire,St Vincent & Grenadines,CONCACAF Nations League B in El Salvador,205 176,833 1088,19% 81%,2024-10-05
Sun Nov 17,El Salvador,Montserrat,CONCACAF Nations League B in El Salvador,102 188,1411 983,95% 5%,2024-10-05
Mon Nov 18,New Zealand,Samoa,World Cup qualifier in New Zealand,69 215,1570 740,99.5% 0.5%,2024-10-05
Mon Nov 18,Tahiti,Vanuatu,World Cup qualifier in New Zealand,162 175,1188 1092,63% 37%,2024-10-05
Mon Nov 18,Croatia,Portugal,European Nations League A in Croatia,13 7,1912 1975,55% 45%,2024-10-05
Mon Nov 18,Poland,Scotland,European Nations League A in Poland,33 43,1748 1705,69% 31%,2024-10-05
Mon Nov 18,Serbia,Denmark,European Nations League A in Serbia,23 16,1784 1863,53% 47%,2024-10-05
Mon Nov 18,Spain,Switzerland,European Nations League A in Spain,1 17,2157 1855,91% 9%,2024-10-05
Mon Nov 18,Bulgaria,Belarus,European Nations League C in Bulgaria,83 88,1502 1464,69% 31%,2024-10-05
Mon Nov 18,Kosovo,Lithuania,European Nations League C in Kosovo,80 134,1511 1324,84% 16%,2024-10-05
Mon Nov 18,Luxembourg,Northern Ireland,European Nations League C in Luxembourg,89 76,1462 1521,56% 44%,2024-10-05
Mon Nov 18,Romania,Cyprus,European Nations League C in Romania,41 137,1713 1309,95% 5%,2024-10-05
Mon Nov 18,Liechtenstein,San Marino,European Nations League D in Liechtenstein,190 209,954 798,81% 19%,2024-10-05
Mon Nov 18,Aruba,Sint Maarten,CONCACAF Nations League B in Haiti,194 202,944 894,57% 43%,2024-10-05
Mon Nov 18,Curaçao,Saint Lucia,CONCACAF Nations League B in Curaçao,131 167,1329 1141,84% 16%,2024-10-05
Mon Nov 18,Grenada,Saint Martin,CONCACAF Nations League B in Curaçao,179 195,1071 917,71% 29%,2024-10-05
Mon Nov 18,Haiti,Puerto Rico,CONCACAF Nations League B in Haiti,77 166,1517 1142,94% 6%,2024-10-05
Tue Nov 19,Bahrain,Australia,World Cup qualifier in Bahrain,87 38,1475 1723,30% 70%,2024-10-05
Tue Nov 19,China,Japan,World Cup qualifier in China,111 14,1377 1873,9% 91%,2024-10-05
Tue Nov 19,Indonesia,Saudi Arabia,World Cup qualifier in Indonesia,118 62,1359 1588,32% 68%,2024-10-05
Tue Nov 19,Kuwait,Jordan,World Cup qualifier in Kuwait,115 57,1361 1629,28% 72%,2024-10-05
Tue Nov 19,Kyrgyzstan,Iran,World Cup qualifier in Kyrgyzstan,145 19,1272 1819,7% 93%,2024-10-05
Tue Nov 19,North Korea,Uzbekistan,World Cup qualifier in North Korea,104 47,1406 1690,26% 74%,2024-10-05
Tue Nov 19,Oman,Iraq,World Cup qualifier in Oman,85 53,1499 1658,42% 58%,2024-10-05
Tue Nov 19,Palestine,South Korea,World Cup qualifier in Palestine,103 35,1408 1743,21% 79%,2024-10-05
Tue Nov 19,United Arab Emirates,Qatar,World Cup qualifier in the United Arab Emirates,74 67,1537 1574,59% 41%,2024-10-05
Tue Nov 19,Bosnia and Herzegovina,Netherlands,European Nations League A in Bosnia and Herzegovina,86 8,1491 1960,11% 89%,2024-10-05
Tue Nov 19,Hungary,Germany,European Nations League A in Hungary,29 9,1767 1957,37% 63%,2024-10-05
Tue Nov 19,Albania,Ukraine,European Nations League B in Albania,54 29,1638 1767,46% 54%,2024-10-05
Tue Nov 19,Czechia,Georgia,European Nations League B in Czechia,38 31,1723 1754,60% 40%,2024-10-05
Tue Nov 19,Montenegro,Turkey,European Nations League B in Montenegro,78 20,1516 1812,24% 76%,2024-10-05
Tue Nov 19,Wales,Iceland,European Nations League B in Wales,46 67,1701 1574,79% 21%,2024-10-05
Tue Nov 19,Slovakia,Estonia,European Nations League C in Slovakia,45 119,1702 1357,93% 7%,2024-10-05
Tue Nov 19,Sweden,Azerbaijan,European Nations League C in Sweden,44 90,1703 1461,88% 12%,2024-10-05
Tue Nov 19,Malta,Andorra,European Nations League D in Malta,149 177,1260 1083,83% 17%,2024-10-05
Tue Nov 19,Gibraltar,Moldova,Friendly in Gibraltar,180 114,1056 1365,23% 77%,2024-10-05
Tue Nov 19,Hong Kong,Mauritius,Friendly in Hong Kong,171 183,1114 1041,73% 27%,2024-10-05
Tue Nov 19,Myanmar,Lebanon,Friendly in Myanmar,196 139,914 1304,16% 84%,2024-10-05
Tue Nov 19,Singapore,Taiwan,Friendly in Singapore,172 199,1109 899,86% 14%,2024-10-05
Tue Nov 19,Argentina,Peru,World Cup qualifier in Argentina,2 40,2149 1714,96% 4%,2024-10-05
Tue Nov 19,Bolivia,Paraguay,World Cup qualifier in Bolivia,55 42,1637 1710,54% 46%,2024-10-05
Tue Nov 19,Brazil,Uruguay,World Cup qualifier in Brazil,5 10,1997 1956,69% 31%,2024-10-05
Tue Nov 19,Chile,Venezuela,World Cup qualifier in Chile,48 27,1689 1771,53% 47%,2024-10-05
Tue Nov 19,Colombia,Ecuador,World Cup qualifier in Colombia,3 15,2061 1871,84% 16%,2024-10-05
Tue Nov 19,Antigua and Barbuda,Dominica,CONCACAF Nations League B in the Dominican Republic,191 185,946 1018,40% 60%,2024-10-05
Tue Nov 19,Dominican Republic,Bermuda,CONCACAF Nations League B in the Dominican Republic,154 168,1238 1128,77% 23%,2024-10-05
Mon Dec 9,Cambodia,Malaysia,Southeast Asian Champ in Cambodia,206 141,827 1290,11% 89%,2024-10-05
Tue Dec 10,Laos,Vietnam,Southeast Asian Champ in Laos,224 150,665 1253,6% 94%,2024-10-05
Tue Dec 10,Myanmar,Indonesia,Southeast Asian Champ in Myanmar,196 118,914 1359,12% 88%,2024-10-05
Thu Dec 12,Singapore,Cambodia,Southeast Asian Champ in Singapore,172 206,1109 827,90% 10%,2024-10-05
Fri Dec 13,Indonesia,Laos,Southeast Asian Champ in Indonesia,118 224,1359 665,99.0% 1.0%,2024-10-05
Fri Dec 13,Philippines,Myanmar,Southeast Asian Champ in the Philippines,183 196,1041 914,79% 21%,2024-10-05
Sun Dec 15,Thailand,Malaysia,Southeast Asian Champ in Thailand,97 141,1438 1290,81% 19%,2024-10-05
Mon Dec 16,Laos,Philippines,Southeast Asian Champ in Laos,224 183,665 1041,17% 83%,2024-10-05
Mon Dec 16,Vietnam,Indonesia,Southeast Asian Champ in Vietnam,150 118,1253 1359,49% 51%,2024-10-05
Wed Dec 18,Singapore,Thailand,Southeast Asian Champ in Singapore,172 97,1109 1438,21% 79%,2024-10-05
Thu Dec 19,Myanmar,Laos,Southeast Asian Champ in Myanmar,196 224,914 665,88% 12%,2024-10-05
Thu Dec 19,Philippines,Vietnam,Southeast Asian Champ in the Philippines,183 150,1041 1253,34% 66%,2024-10-05
Sat Dec 21,Malaysia,Singapore,Southeast Asian Champ in Malaysia,141 172,1290 1109,83% 17%,2024-10-05
Sat Dec 21,Thailand,Cambodia,Southeast Asian Champ in Thailand,97 206,1438 827,98.4% 1.6%,2024-10-05
Sun Dec 22,Indonesia,Philippines,Southeast Asian Champ in Indonesia,118 183,1359 1041,92% 8%,2024-10-05
Sun Dec 22,Vietnam,Myanmar,Southeast Asian Champ in Vietnam,150 196,1253 914,93% 7%,2024-10-05
Mon Jan 6,Mexico,Thailand,Friendly in the United States,21 97,1792 1438,88% 12%,2024-10-05
Mon Jan 13,El Salvador,Thailand,Friendly in the United States,102 97,1411 1438,46% 54%,2024-10-05
Thu Mar 20,Australia,Indonesia,World Cup qualifier in Australia,38 118,1723 1359,94% 6%,2024-10-05
Thu Mar 20,Iran,United Arab Emirates,World Cup qualifier in Iran,19 74,1819 1537,90% 10%,2024-10-05
Thu Mar 20,Iraq,Kuwait,World Cup qualifier in Iraq,53 115,1658 1361,91% 9%,2024-10-05
Thu Mar 20,Japan,Bahrain,World Cup qualifier in Japan,14 87,1873 1475,95% 5%,2024-10-05
Thu Mar 20,Jordan,Palestine,World Cup qualifier in Jordan,57 103,1629 1408,86% 14%,2024-10-05
Thu Mar 20,Qatar,North Korea,World Cup qualifier in Qatar,67 104,1574 1406,82% 18%,2024-10-05
Thu Mar 20,Saudi Arabia,China,World Cup qualifier in Saudi Arabia,62 111,1588 1377,86% 14%,2024-10-05
Thu Mar 20,South Korea,Oman,World Cup qualifier in South Korea,35 85,1743 1499,88% 12%,2024-10-05
Thu Mar 20,Uzbekistan,Kyrgyzstan,World Cup qualifier in Uzbekistan,47 145,1690 1272,95% 5%,2024-10-05
Thu Mar 20,Brazil,Colombia,World Cup qualifier in Brazil,5 3,1997 2061,55% 45%,2024-10-05
Thu Mar 20,Ecuador,Venezuela,World Cup qualifier in Ecuador,15 27,1871 1771,76% 24%,2024-10-05
Thu Mar 20,Paraguay,Chile,World Cup qualifier in Paraguay,42 48,1710 1689,67% 33%,2024-10-05
Thu Mar 20,Peru,Bolivia,World Cup qualifier in Peru,40 55,1714 1637,73% 27%,2024-10-05
Thu Mar 20,Uruguay,Argentina,World Cup qualifier in Uruguay,10 2,1956 2149,37% 63%,2024-10-05
Tue Mar 25,China,Australia,World Cup qualifier in China,111 38,1377 1723,20% 80%,2024-10-05
Tue Mar 25,Indonesia,Bahrain,World Cup qualifier in Indonesia,118 87,1359 1475,48% 52%,2024-10-05
Tue Mar 25,Iran,Uzbekistan,World Cup qualifier in Iran,19 47,1819 1690,79% 21%,2024-10-05
Tue Mar 25,Japan,Saudi Arabia,World Cup qualifier in Japan,14 62,1873 1588,90% 10%,2024-10-05
Tue Mar 25,Kuwait,Oman,World Cup qualifier in Kuwait,115 85,1361 1499,45% 55%,2024-10-05
Tue Mar 25,Kyrgyzstan,Qatar,World Cup qualifier in Kyrgyzstan,145 67,1272 1574,24% 76%,2024-10-05
Tue Mar 25,North Korea,United Arab Emirates,World Cup qualifier in North Korea,104 74,1406 1537,46% 54%,2024-10-05
Tue Mar 25,Palestine,Iraq,World Cup qualifier in Palestine,103 53,1408 1658,30% 70%,2024-10-05
Tue Mar 25,South Korea,Jordan,World Cup qualifier in South Korea,35 57,1743 1629,77% 23%,2024-10-05
Tue Mar 25,Argentina,Brazil,World Cup qualifier in Argentina,2 5,2149 1997,81% 19%,2024-10-05
Tue Mar 25,Bolivia,Uruguay,World Cup qualifier in Bolivia,55 10,1637 1956,22% 78%,2024-10-05
Tue Mar 25,Chile,Ecuador,World Cup qualifier in Chile,48 15,1689 1871,38% 62%,2024-10-05
Tue Mar 25,Colombia,Paraguay,World Cup qualifier in Colombia,3 42,2061 1710,93% 7%,2024-10-05
Tue Mar 25,Venezuela,Peru,World Cup qualifier in Venezuela,27 40,1771 1714,71% 29%,2024-10-05
Jun 4 2025,Chile,Argentina,World Cup qualifier in Chile,48 2,1689 2149,11% 89%,2024-10-05
Jun 4 2025,Colombia,Peru,World Cup qualifier in Colombia,3 40,2061 1714,93% 7%,2024-10-05
Jun 4 2025,Ecuador,Brazil,World Cup qualifier in Ecuador,15 5,1871 1997,46% 54%,2024-10-05
Jun 4 2025,Paraguay,Uruguay,World Cup qualifier in Paraguay,42 10,1710 1956,30% 70%,2024-10-05
Jun 4 2025,Venezuela,Bolivia,World Cup qualifier in Venezuela,27 55,1771 1637,79% 21%,2024-10-05
Jun 4 2025,Barbados,Aruba,World Cup qualifier in Barbados,189 194,958 944,66% 34%,2024-10-05
Jun 4 2025,Bermuda,Cayman Islands,World Cup qualifier in Bermuda,168 208,1128 811,92% 8%,2024-10-05
Jun 4 2025,Dominica,British Virgin Islands,World Cup qualifier in Dominica,185 227,1018 640,94% 6%,2024-10-05
Jun 4 2025,Grenada,Bahamas,World Cup qualifier in Grenada,179 210,1071 792,90% 10%,2024-10-05
Jun 4 2025,Montserrat,Belize,World Cup qualifier in Montserrat,188 181,983 1055,54% 46%,2024-10-05
Jun 4 2025,St Vincent & Grenadines,Anguilla,World Cup qualifier in St Vincent & Grenadines,176 225,1088 646,96% 4%,2024-10-05
Jun 5 2025,Australia,Japan,World Cup qualifier in Australia,38 14,1723 1873,43% 57%,2024-10-05
Jun 5 2025,Bahrain,Saudi Arabia,World Cup qualifier in Bahrain,87 62,1475 1588,48% 52%,2024-10-05
Jun 5 2025,Indonesia,China,World Cup qualifier in Indonesia,118 111,1359 1377,62% 38%,2024-10-05
Jun 5 2025,Iraq,South Korea,World Cup qualifier in Iraq,53 35,1658 1743,52% 48%,2024-10-05
Jun 5 2025,Kuwait,Palestine,World Cup qualifier in Kuwait,115 103,1361 1408,58% 42%,2024-10-05
Jun 5 2025,North Korea,Kyrgyzstan,World Cup qualifier in North Korea,104 145,1406 1272,79% 21%,2024-10-05
Jun 5 2025,Oman,Jordan,World Cup qualifier in Oman,85 57,1499 1629,46% 54%,2024-10-05
Jun 5 2025,Qatar,Iran,World Cup qualifier in Qatar,67 19,1574 1819,30% 70%,2024-10-05
Jun 5 2025,United Arab Emirates,Uzbekistan,World Cup qualifier in the United Arab Emirates,74 47,1537 1690,42% 58%,2024-10-05
Jun 6 2025,Antigua and Barbuda,Cuba,World Cup qualifier in Antigua and Barbuda,191 138,946 1308,18% 82%,2024-10-05
Jun 6 2025,Curaçao,Saint Lucia,World Cup qualifier in Curaçao,131 167,1329 1141,84% 16%,2024-10-05
Jun 6 2025,Guatemala,Dominican Republic,World Cup qualifier in Guatemala,82 154,1504 1238,89% 11%,2024-10-05
Jun 6 2025,Nicaragua,Guyana,World Cup qualifier in Nicaragua,112 151,1373 1252,78% 22%,2024-10-05
Jun 6 2025,Suriname,Puerto Rico,World Cup qualifier in Suriname,127 166,1338 1142,85% 15%,2024-10-05
Jun 6 2025,Trinidad and Tobago,Saint Kitts and Nevis,World Cup qualifier in Trinidad and Tobago,109 173,1383 1107,90% 10%,2024-10-05
Jun 7 2025,Anguilla,El Salvador,World Cup qualifier in Anguilla,225 102,646 1411,2% 98%,2024-10-05
Jun 7 2025,Aruba,Haiti,World Cup qualifier in Aruba,194 77,944 1517,6% 94%,2024-10-05
Jun 7 2025,Bahamas,Costa Rica,World Cup qualifier in the Bahamas,210 52,792 1662,1.2% 98.8%,2024-10-05
Jun 7 2025,Belize,Panama,World Cup qualifier in Belize,181 36,1055 1731,4% 96%,2024-10-05
Jun 7 2025,British Virgin Islands,Jamaica,World Cup qualifier in the British Virgin Islands,227 59,640 1595,0.7% 99.3%,2024-10-05
Jun 7 2025,Cayman Islands,Honduras,World Cup qualifier in the Cayman Islands,208 81,811 1506,3% 97%,2024-10-05
Jun 9 2025,Argentina,Colombia,World Cup qualifier in Argentina,2 3,2149 2061,75% 25%,2024-10-05
Jun 9 2025,Bolivia,Chile,World Cup qualifier in Bolivia,55 48,1637 1689,57% 43%,2024-10-05
Jun 9 2025,Brazil,Paraguay,World Cup qualifier in Brazil,5 42,1997 1710,90% 10%,2024-10-05
Jun 9 2025,Peru,Ecuador,World Cup qualifier in Peru,40 15,1714 1871,42% 58%,2024-10-05
Jun 9 2025,Uruguay,Venezuela,World Cup qualifier in Uruguay,10 27,1956 1771,84% 16%,2024-10-05
Jun 10 2025,China,Bahrain,World Cup qualifier in China,111 87,1377 1475,50% 50%,2024-10-05
Jun 10 2025,Iran,North Korea,World Cup qualifier in Iran,19 104,1819 1406,95% 5%,2024-10-05
Jun 10 2025,Japan,Indonesia,World Cup qualifier in Japan,14 118,1873 1359,97% 3%,2024-10-05
Jun 10 2025,Jordan,Iraq,World Cup qualifier in Jordan,57 53,1629 1658,60% 40%,2024-10-05
Jun 10 2025,Kyrgyzstan,United Arab Emirates,World Cup qualifier in Kyrgyzstan,145 74,1272 1537,28% 72%,2024-10-05
Jun 10 2025,Palestine,Oman,World Cup qualifier in Palestine,103 85,1408 1499,51% 49%,2024-10-05
Jun 10 2025,Saudi Arabia,Australia,World Cup qualifier in Saudi Arabia,62 38,1588 1723,45% 55%,2024-10-05
Jun 10 2025,South Korea,Kuwait,World Cup qualifier in South Korea,35 115,1743 1361,94% 6%,2024-10-05
Jun 10 2025,Uzbekistan,Qatar,World Cup qualifier in Uzbekistan,47 67,1690 1574,78% 22%,2024-10-05
Jun 10 2025,Costa Rica,Trinidad and Tobago,World Cup qualifier in Costa Rica,52 109,1662 1383,90% 10%,2024-10-05
Jun 10 2025,Cuba,Bermuda,World Cup qualifier in Cuba,138 168,1308 1128,83% 17%,2024-10-05
Jun 10 2025,Dominican Republic,Dominica,World Cup qualifier in the Dominican Republic,154 185,1238 1018,86% 14%,2024-10-05
Jun 10 2025,El Salvador,Suriname,World Cup qualifier in El Salvador,102 127,1411 1338,73% 27%,2024-10-05
Jun 10 2025,Guyana,Montserrat,World Cup qualifier in Guyana,151 188,1252 983,89% 11%,2024-10-05
Jun 10 2025,Haiti,Curaçao,World Cup qualifier in Haiti,77 131,1517 1329,84% 16%,2024-10-05
Jun 10 2025,Honduras,Antigua and Barbuda,World Cup qualifier in Honduras,81 191,1506 946,98% 2%,2024-10-05
Jun 10 2025,Jamaica,Guatemala,World Cup qualifier in Jamaica,59 82,1595 1504,75% 25%,2024-10-05
Jun 10 2025,Panama,Nicaragua,World Cup qualifier in Panama,36 112,1731 1373,93% 7%,2024-10-05
Jun 10 2025,Puerto Rico,St Vincent & Grenadines,World Cup qualifier in Puerto Rico,166 176,1142 1088,71% 29%,2024-10-05
Jun 10 2025,Saint Kitts and Nevis,Grenada,World Cup qualifier in Saint Kitts and Nevis,173 179,1107 1071,69% 31%,2024-10-05
Jun 10 2025,Saint Lucia,Barbados,World Cup qualifier in Saint Lucia,167 189,1141 958,84% 16%,2024-10-05
Sep 9 2025,Argentina,Venezuela,World Cup qualifier in Argentina,2 27,2149 1771,94% 6%,2024-10-05
Sep 9 2025,Brazil,Chile,World Cup qualifier in Brazil,5 48,1997 1689,91% 9%,2024-10-05
Sep 9 2025,Colombia,Bolivia,World Cup qualifier in Colombia,3 55,2061 1637,95% 5%,2024-10-05
Sep 9 2025,Paraguay,Ecuador,World Cup qualifier in Paraguay,42 15,1710 1871,41% 59%,2024-10-05
Sep 9 2025,Uruguay,Peru,World Cup qualifier in Uruguay,10 40,1956 1714,88% 12%,2024-10-05
Sep 14 2025,Bolivia,Brazil,World Cup qualifier in Bolivia,55 5,1637 1997,18% 82%,2024-10-05
Sep 14 2025,Chile,Uruguay,World Cup qualifier in Chile,48 10,1689 1956,28% 72%,2024-10-05
Sep 14 2025,Ecuador,Argentina,World Cup qualifier in Ecuador,15 2,1871 2149,26% 74%,2024-10-05
Sep 14 2025,Peru,Paraguay,World Cup qualifier in Peru,40 42,1714 1710,65% 35%,2024-10-05
Sep 14 2025,Venezuela,Colombia,World Cup qualifier in Venezuela,27 3,1771 2061,25% 75%,2024-10-05
